{
    "rmse": 0.7315929864244288,
    "mae": 0.5615063977620361,
    "r2": 0.23010197116211928
}